﻿<?xml version="1.0"?>
<doc>
<assembly>
<name>
GroupHR3Zender
</name>
</assembly>
<members>
<member name="T:GroupHR3Zender.My.Resources.Resources">
<summary>
  A strongly-typed resource class, for looking up localized strings, etc.
</summary>
</member>
<member name="P:GroupHR3Zender.My.Resources.Resources.ResourceManager">
<summary>
  Returns the cached ResourceManager instance used by this class.
</summary>
</member>
<member name="P:GroupHR3Zender.My.Resources.Resources.Culture">
<summary>
  Overrides the current thread's CurrentUICulture property for all
  resource lookups using this strongly typed resource class.
</summary>
</member>
<member name="P:GroupHR3Zender.My.Resources.Resources._300px_Plane_the_forest_1_0_dirty__8_">
<summary>
  Looks up a localized resource of type System.Drawing.Bitmap.
</summary>
</member>
<member name="P:GroupHR3Zender.My.Resources.Resources.AbandondedHouse">
<summary>
  Looks up a localized resource of type System.Drawing.Bitmap.
</summary>
</member>
<member name="P:GroupHR3Zender.My.Resources.Resources.Bear">
<summary>
  Looks up a localized resource of type System.Drawing.Bitmap.
</summary>
</member>
<member name="P:GroupHR3Zender.My.Resources.Resources.CollapsedWoodenHouse">
<summary>
  Looks up a localized resource of type System.Drawing.Bitmap.
</summary>
</member>
<member name="P:GroupHR3Zender.My.Resources.Resources.Fighter">
<summary>
  Looks up a localized resource of type System.Drawing.Bitmap.
</summary>
</member>
<member name="P:GroupHR3Zender.My.Resources.Resources.forest_1080p_wallpaper_6">
<summary>
  Looks up a localized resource of type System.Drawing.Bitmap.
</summary>
</member>
<member name="P:GroupHR3Zender.My.Resources.Resources.ForestBackground">
<summary>
  Looks up a localized resource of type System.Drawing.Bitmap.
</summary>
</member>
<member name="P:GroupHR3Zender.My.Resources.Resources.ForesttoBeach">
<summary>
  Looks up a localized resource of type System.Drawing.Bitmap.
</summary>
</member>
<member name="P:GroupHR3Zender.My.Resources.Resources.InsideHouse">
<summary>
  Looks up a localized resource of type System.Drawing.Bitmap.
</summary>
</member>
<member name="P:GroupHR3Zender.My.Resources.Resources.InsideofBoat">
<summary>
  Looks up a localized resource of type System.Drawing.Bitmap.
</summary>
</member>
<member name="P:GroupHR3Zender.My.Resources.Resources.InsideofPlane">
<summary>
  Looks up a localized resource of type System.Drawing.Bitmap.
</summary>
</member>
<member name="P:GroupHR3Zender.My.Resources.Resources.MenuScreen">
<summary>
  Looks up a localized resource of type System.Drawing.Bitmap.
</summary>
</member>
<member name="P:GroupHR3Zender.My.Resources.Resources.Red_hitsplat">
<summary>
  Looks up a localized resource of type System.Drawing.Bitmap.
</summary>
</member>
<member name="P:GroupHR3Zender.My.Resources.Resources.s_l1000">
<summary>
  Looks up a localized resource of type System.Drawing.Bitmap.
</summary>
</member>
<member name="P:GroupHR3Zender.My.Resources.Resources.TheForestLoot">
<summary>
  Looks up a localized resource of type System.Drawing.Bitmap.
</summary>
</member>
<member name="P:GroupHR3Zender.My.Resources.Resources.Underattack">
<summary>
  Looks up a localized resource of type System.IO.UnmanagedMemoryStream similar to System.IO.MemoryStream.
</summary>
</member>
<member name="P:GroupHR3Zender.My.Resources.Resources.WolfPiskel">
<summary>
  Looks up a localized resource of type System.Drawing.Bitmap.
</summary>
</member>
<member name="P:GroupHR3Zender.My.Resources.Resources.You_Died">
<summary>
  Looks up a localized resource of type System.Drawing.Bitmap.
</summary>
</member>
</members>
</doc>
